{
    "Haiti": {
        "Lat": 19.1824357256899,
        "Long": -72.434514974505,
        "author_country": "Haiti"
    },
    "antigua_&_barbuda": {
        "Lat": 36.725678,
        "Long": -4.24056,
        "author_country": "antigua_&_barbuda"
    },
    "argentina": {
        "Lat": -36.252002,
        "Long": -63.954193,
        "author_country": "argentina"
    },
    "australia": {
        "Lat": -25.7349684916223,
        "Long": 134.489562606981,
        "author_country": "australia"
    },
    "barbados": {
        "Lat": 13.1787146900535,
        "Long": -59.5619546611369,
        "author_country": "barbados"
    },
    "bermuda": {
        "Lat": 32.3179203152518,
        "Long": -64.7370103996652,
        "author_country": "bermuda"
    },
    "canada": {
        "Lat": 55.5859012851966,
        "Long": -105.750595856519,
        "author_country": "canada"
    },
    "columbia": {
        "Lat": 3.06508799999999,
        "Long": -73.129056,
        "author_country": "columbia"
    },
    "country": {
        "Lat": 25.947172,
        "Long": -80.31452,
        "author_country": "country"
    },
    "cuba": {
        "Lat": 21.9468717021679,
        "Long": -79.2366720528138,
        "author_country": "cuba"
    },
    "dominica": {
        "Lat": 18.6062576970524,
        "Long": -70.1067224933053,
        "author_country": "dominica"
    },
    "dominican_republic": {
        "Lat": 18.6062576970524,
        "Long": -70.1067224933053,
        "author_country": "dominican_republic"
    },
    "england": {
        "Lat": 52.3814597201848,
        "Long": -0.676181762467007,
        "author_country": "england"
    },
    "france": {
        "Lat": 47.8249046208979,
        "Long": 2.61878695312962,
        "author_country": "france"
    },
    "french_guiana": {
        "Lat": 4.35792079157208,
        "Long": -53.1743920884317,
        "author_country": "french_guiana"
    },
    "grenada": {
        "Lat": 12.1129258398845,
        "Long": -61.6793774505556,
        "author_country": "grenada"
    },
    "guadeloupe": {
        "Lat": 15.99454009,
        "Long": -61.72715035,
        "author_country": "guadeloupe"
    },
    "guyana": {
        "Lat": 5.62382279034036,
        "Long": -58.9747808781477,
        "author_country": "guyana"
    },
    "haiti": {
        "Lat": 19.1824357256899,
        "Long": -72.434514974505,
        "author_country": "haiti"
    },
    "jamaica": {
        "Lat": 18.1512945138,
        "Long": -77.3192220134904,
        "author_country": "jamaica"
    },
    "martinique": {
        "Lat": 14.6525485200192,
        "Long": -61.0212870487474,
        "author_country": "martinique"
    },
    "new_caledonia": {
        "Lat": -21.3163377992766,
        "Long": 165.715489207242,
        "author_country": "new_caledonia"
    },
    "puerto_rico": {
        "Lat": 18.2213294459009,
        "Long": -66.4623392630918,
        "author_country": "puerto_rico"
    },
    "spain": {
        "Lat": 41.2948556295683,
        "Long": -4.05568501525488,
        "author_country": "spain"
    },
    "st._kitts_&_nevis": {
        "Lat": -23.486465,
        "Long": -46.610129,
        "author_country": "st._kitts_&_nevis"
    },
    "st._lucia": {
        "Lat": 27.910097,
        "Long": -15.540155,
        "author_country": "st._lucia"
    },
    "st._vincent": {
        "Lat": 48.87852,
        "Long": 2.354057,
        "author_country": "st._vincent"
    },
    "st._vincent_&_the_grenadines": {
        "Lat": -32.978558,
        "Long": 27.909682,
        "author_country": "st._vincent_&_the_grenadines"
    },
    "the_bahamas": {
        "Lat": 25.07471,
        "Long": -77.3408,
        "author_country": "the_bahamas"
    },
    "trinidad_&_tobago": {
        "Lat": 10.687866,
        "Long": -61.615387,
        "author_country": "trinidad_&_tobago"
    },
    "ukraine": {
        "Lat": 49.3227937844972,
        "Long": 31.3202829593814,
        "author_country": "ukraine"
    },
    "united_states": {
        "Lat": 39.3812661305678,
        "Long": -97.9222112121185,
        "author_country": "united_states"
    }
}